{
  "data": [
    {
      "title": "Create a navbar",
      "priority": 8,
      "status": "Completed",
      "description": "Create a navbar with login and logout functionality",
      "assignee": "Rocky",
      "id": 1
    },
    {
      "id": 2,
      "title": "Develop a landing page",
      "priority": 5,
      "status": "Completed",
      "description": "Design and implement the landing page with responsive design",
      "assignee": "Sophia"
    },
    {
      "id": 4,
      "title": "Integrate payment gateway",
      "priority": 7,
      "status": "Pending",
      "description": "Integrate payment gateway for processing transactions",
      "assignee": "Emma"
    },
    {
      "id": 5,
      "title": "Implement user authentication",
      "priority": 9,
      "status": "Completed",
      "description": "Set up user authentication and authorization",
      "assignee": "Olivia"
    },
    {
      "id": 6,
      "title": "Create API endpoints",
      "priority": 6,
      "status": "Pending",
      "description": "Develop RESTful API endpoints for the application",
      "assignee": "Noah"
    },
    {
      "id": 7,
      "title": "Design user profile page",
      "priority": 4,
      "status": "Pending",
      "description": "Create a user profile page with editable information",
      "assignee": "Ava"
    },
    {
      "id": 8,
      "title": "Implement search functionality",
      "priority": 5,
      "status": "Completed",
      "description": "Add search functionality to allow users to find content easily",
      "assignee": "William"
    },
    {
      "id": 9,
      "title": "Optimize website performance",
      "priority": 7,
      "status": "Pending",
      "description": "Improve website load times and performance",
      "assignee": "James"
    },
    {
      "id": 10,
      "title": "Write unit tests",
      "priority": 3,
      "status": "Pending",
      "description": "Write unit tests for critical components",
      "assignee": "Mia"
    },
    {
      "title": "Add masai logo",
      "priority": 5,
      "status": "Pending",
      "description": "Add masai logo to LMS and make it visually appeal",
      "assignee": "Rocky",
      "id": 11
    }
  ]
}